{
  "nmi": 0.0,
  "ari": 0.0,
  "val_mse": 0.008296739620467028,
  "perplexity": 0.9999999999,
  "action_err": 0.008657907135784626,
  "noaction_err": 0.008661129511892796,
  "gap": 3.2223761081695557e-06,
  "num_codes": 16,
  "codes_used": 1
}