{
  "nmi": 0.0,
  "ari": 0.0,
  "latent_mse": 0.00039795847624191083,
  "perplexity": 0.9999999999,
  "action_err": 0.0003994411090388894,
  "noaction_err": 0.005256741773337126,
  "gap": 0.004857300780713558,
  "z_std": 0.006664462387561798,
  "num_codes": 16,
  "codes_used": 1
}