{
  "nmi": 0.01345061794088425,
  "ari": 0.0008522318092028128,
  "latent_mse": 0.041508512338623405,
  "perplexity": 15.643566192664219,
  "action_err": 0.027435623109340668,
  "noaction_err": 0.0300325695425272,
  "gap": 0.002596946433186531,
  "z_std": 1.0158368349075317,
  "num_codes": 16,
  "codes_used": 16
}