{
  "nmi": 0.364014316358572,
  "ari": 0.17231133640310423,
  "nmi_position": 0.04425880257381396,
  "ari_position": 0.0025827170252475207,
  "latent_mse": 0.039091319078579545,
  "perplexity": 15.17719923672955,
  "action_err": 0.039091319078579545,
  "noaction_err": 0.04628170048817992,
  "gap": 0.007190381409600377,
  "z_std": 1.0038129091262817,
  "num_codes": 16,
  "codes_used": 16
}