{
  "nmi": 0.027160590261584152,
  "ari": 0.0066074229133772375,
  "nmi_position": 0.06724680063994552,
  "ari_position": 0.003661988415341227,
  "latent_mse": 0.04064898286014795,
  "perplexity": 15.484727690423052,
  "action_err": 0.04064898286014795,
  "noaction_err": 0.04368133586831391,
  "gap": 0.0030323530081659555,
  "z_std": 1.0149140357971191,
  "num_codes": 16,
  "codes_used": 16
}