{
  "nmi": 0.9421629523479997,
  "ari": 0.9149726212818965,
  "nmi_position": 0.01236460169458111,
  "ari_position": 0.000275911673799535,
  "latent_mse": 0.03813981590792537,
  "perplexity": 4.737588200003623,
  "action_err": 0.03813981590792537,
  "noaction_err": 0.04190498357638717,
  "gap": 0.0037651676684617996,
  "z_std": 1.0135515928268433,
  "num_codes": 6,
  "codes_used": 5
}