{
  "nmi": 0.008139294291918713,
  "ari": 0.00042378416895043136,
  "delta_mse": 0.01170180644840002,
  "perplexity": 9.107066409381538,
  "action_err": 0.011739886365830898,
  "noaction_err": 0.011740650981664658,
  "gap": 7.646158337593079e-07,
  "num_codes": 16,
  "codes_used": 10
}