{
  "nmi": 0.6178681808120431,
  "ari": 0.38963169530178415,
  "latent_mse": 0.03303013066761196,
  "perplexity": 13.910407507778292,
  "action_err": 0.04238086938858032,
  "noaction_err": 0.07252850383520126,
  "gap": 0.03014763444662094,
  "z_std": 1.019496202468872,
  "num_codes": 16,
  "codes_used": 16
}