{
  "nmi": 0.002685586090281112,
  "ari": -0.0011553728910870169,
  "val_mse": 0.009580503528316816,
  "perplexity": 5.5993125739374054,
  "action_err": 0.009591998532414436,
  "noaction_err": 0.009803064167499542,
  "gap": 0.0002110656350851059,
  "num_codes": 16,
  "codes_used": 7
}