{
  "nmi": 0.011471276097874196,
  "ari": 0.00038104652866519654,
  "latent_mse": 0.037448707735165954,
  "perplexity": 15.700480352836326,
  "action_err": 0.022183580324053764,
  "noaction_err": 0.02573898807168007,
  "gap": 0.0035554077476263046,
  "z_std": 1.0120680332183838,
  "num_codes": 16,
  "codes_used": 16
}